"id";"address";"exchanged"
1;"131.243.104.196";"{""Volume"": 512, ""Protocole"": {""Autre"": {""Nombrein"": 0, ""Volumeout"": 512, ""Nombreout"": 8, ""Volumein"": 0}}, ""id"": 308}"
2;"131.243.127.24";"{""Volume"": 192, ""Protocole"": {""Autre"": {""Nombrein"": 0, ""Volumeout"": 192, ""Nombreout"": 3, ""Volumein"": 0}}, ""id"": 5}"
3;"128.3.211.102";"{""Volume"": 192, ""Protocole"": {""Autre"": {""Nombrein"": 0, ""Volumeout"": 192, ""Nombreout"": 3, ""Volumein"": 0}}, ""id"": 135}"
4;"131.243.14.90";"{""Volume"": 512, ""Protocole"": {""Autre"": {""Nombrein"": 0, ""Volumeout"": 512, ""Nombreout"": 8, ""Volumein"": 0}}, ""id"": 336}"
5;"128.3.96.230";"{""Volume"": 2816, ""Protocole"": {""Autre"": {""Nombrein"": 7, ""Volumeout"": 448, ""Nombreout"": 7, ""Volumein"": 448}, ""ICMP"": {""Nombrein"": 15, ""Volumeout"": 960, ""Nombreout"": 15, ""Volumein"": 960}}, ""id"": 88}"
6;"131.243.140.86";"{""Volume"": 384, ""Protocole"": {""Autre"": {""Nombrein"": 0, ""Volumeout"": 384, ""Nombreout"": 6, ""Volumein"": 0}}, ""id"": 101}"
7;"131.243.140.85";"{""Volume"": 448, ""Protocole"": {""Autre"": {""Nombrein"": 0, ""Volumeout"": 448, ""Nombreout"": 7, ""Volumein"": 0}}, ""id"": 240}"
8;"131.243.144.105";"{""Volume"": 256, ""Protocole"": {""Autre"": {""Nombrein"": 0, ""Volumeout"": 256, ""Nombreout"": 4, ""Volumein"": 0}}, ""id"": 265}"
9;"131.243.26.106";"{""Volume"": 512, ""Protocole"": {""Autre"": {""Nombrein"": 0, ""Volumeout"": 512, ""Nombreout"": 8, ""Volumein"": 0}}, ""id"": 150}"
10;"131.243.170.163";"{""Volume"": 256, ""Protocole"": {""Autre"": {""Nombrein"": 0, ""Volumeout"": 256, ""Nombreout"": 4, ""Volumein"": 0}}, ""id"": 41}"
11;"193.116.32.109";"{""Volume"": 8256, ""Protocole"": {""HTTP"": {""Nombrein"": 50, ""Volumeout"": 5056, ""Nombreout"": 79, ""Volumein"": 3200}}, ""id"": 25}"
12;"128.3.164.194";"{""Volume"": 2240, ""Protocole"": {""IMAPS"": {""Nombrein"": 20, ""Volumeout"": 960, ""Nombreout"": 15, ""Volumein"": 1280}}, ""id"": 98}"
13;"118.188.34.111";"{""Volume"": 4032, ""Protocole"": {""HTTP"": {""Nombrein"": 29, ""Volumeout"": 2176, ""Nombreout"": 34, ""Volumein"": 1856}}, ""id"": 47}"
14;"131.243.155.1";"{""Volume"": 1920, ""Protocole"": {""Autre"": {""Nombrein"": 0, ""Volumeout"": 1920, ""Nombreout"": 30, ""Volumein"": 0}}, ""id"": 30}"
15;"128.3.164.191";"{""Volume"": 1280, ""Protocole"": {""Autre"": {""Nombrein"": 10, ""Volumeout"": 640, ""Nombreout"": 10, ""Volumein"": 640}}, ""id"": 11}"
16;"131.243.103.106";"{""Volume"": 4736, ""Protocole"": {""Autre"": {""Nombrein"": 0, ""Volumeout"": 4736, ""Nombreout"": 74, ""Volumein"": 0}}, ""id"": 44}"
17;"128.3.191.81";"{""Volume"": 512, ""Protocole"": {""Autre"": {""Nombrein"": 0, ""Volumeout"": 512, ""Nombreout"": 8, ""Volumein"": 0}}, ""id"": 107}"
18;"131.243.107.179";"{""Volume"": 512, ""Protocole"": {""Autre"": {""Nombrein"": 0, ""Volumeout"": 512, ""Nombreout"": 8, ""Volumein"": 0}}, ""id"": 220}"
19;"131.243.146.16";"{""Volume"": 256, ""Protocole"": {""Autre"": {""Nombrein"": 0, ""Volumeout"": 256, ""Nombreout"": 4, ""Volumein"": 0}}, ""id"": 131}"
20;"131.243.140.238";"{""Volume"": 512, ""Protocole"": {""Autre"": {""Nombrein"": 0, ""Volumeout"": 512, ""Nombreout"": 8, ""Volumein"": 0}}, ""id"": 334}"
21;"128.3.211.215";"{""Volume"": 512, ""Protocole"": {""Autre"": {""Nombrein"": 0, ""Volumeout"": 512, ""Nombreout"": 8, ""Volumein"": 0}}, ""id"": 171}"
22;"131.243.101.105";"{""Volume"": 256, ""Protocole"": {""Autre"": {""Nombrein"": 0, ""Volumeout"": 256, ""Nombreout"": 4, ""Volumein"": 0}}, ""id"": 75}"
23;"131.243.101.100";"{""Volume"": 256, ""Protocole"": {""Autre"": {""Nombrein"": 0, ""Volumeout"": 256, ""Nombreout"": 4, ""Volumein"": 0}}, ""id"": 327}"
24;"131.243.102.75";"{""Volume"": 640, ""Protocole"": {""Autre"": {""Nombrein"": 5, ""Volumeout"": 320, ""Nombreout"": 5, ""Volumein"": 320}}, ""id"": 63}"
25;"128.3.209.222";"{""Volume"": 128, ""Protocole"": {""Autre"": {""Nombrein"": 0, ""Volumeout"": 128, ""Nombreout"": 2, ""Volumein"": 0}}, ""id"": 52}"
26;"128.3.194.105";"{""Volume"": 128, ""Protocole"": {""Autre"": {""Nombrein"": 0, ""Volumeout"": 128, ""Nombreout"": 2, ""Volumein"": 0}}, ""id"": 115}"
27;"128.3.112.36";"{""Volume"": 768, ""Protocole"": {""Autre"": {""Nombrein"": 0, ""Volumeout"": 768, ""Nombreout"": 12, ""Volumein"": 0}}, ""id"": 176}"
28;"131.243.88.34";"{""Volume"": 512, ""Protocole"": {""Autre"": {""Nombrein"": 0, ""Volumeout"": 512, ""Nombreout"": 8, ""Volumein"": 0}}, ""id"": 331}"
29;"131.243.141.79";"{""Volume"": 512, ""Protocole"": {""Autre"": {""Nombrein"": 0, ""Volumeout"": 512, ""Nombreout"": 8, ""Volumein"": 0}}, ""id"": 184}"
30;"131.243.219.233";"{""Volume"": 256, ""Protocole"": {""Autre"": {""Nombrein"": 0, ""Volumeout"": 256, ""Nombreout"": 4, ""Volumein"": 0}}, ""id"": 185}"
31;"131.243.146.115";"{""Volume"": 512, ""Protocole"": {""Autre"": {""Nombrein"": 2, ""Volumeout"": 384, ""Nombreout"": 6, ""Volumein"": 128}}, ""id"": 272}"
32;"128.3.6.206";"{""Volume"": 128, ""Protocole"": {""Autre"": {""Nombrein"": 0, ""Volumeout"": 128, ""Nombreout"": 2, ""Volumein"": 0}}, ""id"": 312}"
33;"128.3.48.239";"{""Volume"": 256, ""Protocole"": {""Autre"": {""Nombrein"": 0, ""Volumeout"": 256, ""Nombreout"": 4, ""Volumein"": 0}}, ""id"": 278}"
34;"131.243.143.231";"{""Volume"": 256, ""Protocole"": {""Autre"": {""Nombrein"": 0, ""Volumeout"": 256, ""Nombreout"": 4, ""Volumein"": 0}}, ""id"": 187}"
35;"128.3.194.88";"{""Volume"": 512, ""Protocole"": {""Autre"": {""Nombrein"": 0, ""Volumeout"": 512, ""Nombreout"": 8, ""Volumein"": 0}}, ""id"": 161}"
36;"128.3.161.182";"{""Volume"": 384, ""Protocole"": {""Autre"": {""Nombrein"": 3, ""Volumeout"": 192, ""Nombreout"": 3, ""Volumein"": 192}}, ""id"": 167}"
37;"131.243.13.111";"{""Volume"": 768, ""Protocole"": {""Autre"": {""Nombrein"": 0, ""Volumeout"": 768, ""Nombreout"": 12, ""Volumein"": 0}}, ""id"": 296}"
38;"131.243.142.214";"{""Volume"": 256, ""Protocole"": {""Autre"": {""Nombrein"": 1, ""Volumeout"": 192, ""Nombreout"": 3, ""Volumein"": 64}}, ""id"": 94}"
39;"131.243.146.84";"{""Volume"": 768, ""Protocole"": {""Autre"": {""Nombrein"": 4, ""Volumeout"": 512, ""Nombreout"": 8, ""Volumein"": 256}}, ""id"": 313}"
40;"131.243.124.10";"{""Volume"": 640, ""Protocole"": {""Autre"": {""Nombrein"": 0, ""Volumeout"": 640, ""Nombreout"": 10, ""Volumein"": 0}}, ""id"": 237}"
41;"131.243.155.78";"{""Volume"": 12992, ""Protocole"": {""Autre"": {""Nombrein"": 117, ""Volumeout"": 5440, ""Nombreout"": 85, ""Volumein"": 7488}, ""ICMP"": {""Nombrein"": 0, ""Volumeout"": 64, ""Nombreout"": 1, ""Volumein"": 0}}, ""id"": 43}"
42;"131.243.170.227";"{""Volume"": 1152, ""Protocole"": {""Autre"": {""Nombrein"": 0, ""Volumeout"": 1152, ""Nombreout"": 18, ""Volumein"": 0}}, ""id"": 97}"
43;"131.243.103.13";"{""Volume"": 11776, ""Protocole"": {""Autre"": {""Nombrein"": 0, ""Volumeout"": 11776, ""Nombreout"": 184, ""Volumein"": 0}}, ""id"": 2}"
44;"131.243.142.173";"{""Volume"": 512, ""Protocole"": {""Autre"": {""Nombrein"": 0, ""Volumeout"": 512, ""Nombreout"": 8, ""Volumein"": 0}}, ""id"": 159}"
45;"131.243.89.237";"{""Volume"": 256, ""Protocole"": {""Autre"": {""Nombrein"": 0, ""Volumeout"": 256, ""Nombreout"": 4, ""Volumein"": 0}}, ""id"": 246}"
46;"131.243.145.237";"{""Volume"": 1024, ""Protocole"": {""Autre"": {""Nombrein"": 0, ""Volumeout"": 1024, ""Nombreout"": 16, ""Volumein"": 0}}, ""id"": 132}"
47;"128.3.208.160";"{""Volume"": 256, ""Protocole"": {""Autre"": {""Nombrein"": 0, ""Volumeout"": 256, ""Nombreout"": 4, ""Volumein"": 0}}, ""id"": 284}"
48;"131.243.147.67";"{""Volume"": 256, ""Protocole"": {""Autre"": {""Nombrein"": 0, ""Volumeout"": 256, ""Nombreout"": 4, ""Volumein"": 0}}, ""id"": 120}"
49;"131.243.102.82";"{""Volume"": 256, ""Protocole"": {""Autre"": {""Nombrein"": 0, ""Volumeout"": 256, ""Nombreout"": 4, ""Volumein"": 0}}, ""id"": 61}"
50;"131.243.86.232";"{""Volume"": 256, ""Protocole"": {""Autre"": {""Nombrein"": 0, ""Volumeout"": 256, ""Nombreout"": 4, ""Volumein"": 0}}, ""id"": 78}"
51;"128.3.112.205";"{""Volume"": 256, ""Protocole"": {""Autre"": {""Nombrein"": 0, ""Volumeout"": 256, ""Nombreout"": 4, ""Volumein"": 0}}, ""id"": 233}"
52;"128.3.4.67";"{""Volume"": 64, ""Protocole"": {""Autre"": {""Nombrein"": 0, ""Volumeout"": 64, ""Nombreout"": 1, ""Volumein"": 0}}, ""id"": 339}"
53;"131.243.155.227";"{""Volume"": 39552, ""Protocole"": {""Autre"": {""Nombrein"": 291, ""Volumeout"": 18176, ""Nombreout"": 284, ""Volumein"": 18624}, ""POP3S"": {""Nombrein"": 9, ""Volumeout"": 448, ""Nombreout"": 7, ""Volumein"": 576}, ""ICMP"": {""Nombrein"": 14, ""Volumeout"": 832, ""Nombreout"": 13, ""Volumein"": 896}}, ""id"": 23}"
54;"131.243.93.124";"{""Volume"": 512, ""Protocole"": {""Autre"": {""Nombrein"": 0, ""Volumeout"": 512, ""Nombreout"": 8, ""Volumein"": 0}}, ""id"": 188}"
55;"59.223.13.123";"{""Volume"": 1216, ""Protocole"": {""HTTP"": {""Nombrein"": 9, ""Volumeout"": 640, ""Nombreout"": 10, ""Volumein"": 576}}, ""id"": 307}"
56;"207.235.214.252";"{""Volume"": 8128, ""Protocole"": {""HTTP"": {""Nombrein"": 54, ""Volumeout"": 4672, ""Nombreout"": 73, ""Volumein"": 3456}}, ""id"": 304}"
57;"131.243.143.70";"{""Volume"": 1024, ""Protocole"": {""Autre"": {""Nombrein"": 0, ""Volumeout"": 1024, ""Nombreout"": 16, ""Volumein"": 0}}, ""id"": 136}"
58;"131.243.141.187";"{""Volume"": 6016, ""Protocole"": {""Autre"": {""Nombrein"": 31, ""Volumeout"": 3392, ""Nombreout"": 53, ""Volumein"": 1984}, ""ICMP"": {""Nombrein"": 5, ""Volumeout"": 320, ""Nombreout"": 5, ""Volumein"": 320}}, ""id"": 27}"
59;"128.3.161.252";"{""Volume"": 14144, ""Protocole"": {""Autre"": {""Nombrein"": 98, ""Volumeout"": 6656, ""Nombreout"": 104, ""Volumein"": 6272}, ""POP3S"": {""Nombrein"": 3, ""Volumeout"": 256, ""Nombreout"": 4, ""Volumein"": 192}, ""ICMP"": {""Nombrein"": 6, ""Volumeout"": 384, ""Nombreout"": 6, ""Volumein"": 384}}, ""id"": 55}"
60;"131.243.91.14";"{""Volume"": 256, ""Protocole"": {""Autre"": {""Nombrein"": 0, ""Volumeout"": 256, ""Nombreout"": 4, ""Volumein"": 0}}, ""id"": 140}"
61;"128.3.194.200";"{""Volume"": 512, ""Protocole"": {""Autre"": {""Nombrein"": 0, ""Volumeout"": 512, ""Nombreout"": 8, ""Volumein"": 0}}, ""id"": 301}"
62;"131.243.146.230";"{""Volume"": 256, ""Protocole"": {""Autre"": {""Nombrein"": 0, ""Volumeout"": 256, ""Nombreout"": 4, ""Volumein"": 0}}, ""id"": 122}"
63;"128.3.211.7";"{""Volume"": 512, ""Protocole"": {""Autre"": {""Nombrein"": 0, ""Volumeout"": 512, ""Nombreout"": 8, ""Volumein"": 0}}, ""id"": 283}"
64;"128.3.48.113";"{""Volume"": 128, ""Protocole"": {""Autre"": {""Nombrein"": 0, ""Volumeout"": 128, ""Nombreout"": 2, ""Volumein"": 0}}, ""id"": 293}"
65;"128.3.37.195";"{""Volume"": 512, ""Protocole"": {""Autre"": {""Nombrein"": 0, ""Volumeout"": 512, ""Nombreout"": 8, ""Volumein"": 0}}, ""id"": 208}"
66;"128.3.71.61";"{""Volume"": 128, ""Protocole"": {""Autre"": {""Nombrein"": 0, ""Volumeout"": 128, ""Nombreout"": 2, ""Volumein"": 0}}, ""id"": 195}"
67;"131.243.141.85";"{""Volume"": 448, ""Protocole"": {""Autre"": {""Nombrein"": 0, ""Volumeout"": 448, ""Nombreout"": 7, ""Volumein"": 0}}, ""id"": 310}"
68;"131.243.107.131";"{""Volume"": 128, ""Protocole"": {""Autre"": {""Nombrein"": 0, ""Volumeout"": 128, ""Nombreout"": 2, ""Volumein"": 0}}, ""id"": 116}"
69;"128.3.7.12";"{""Volume"": 640, ""Protocole"": {""Autre"": {""Nombrein"": 0, ""Volumeout"": 640, ""Nombreout"": 10, ""Volumein"": 0}}, ""id"": 35}"
70;"131.243.94.204";"{""Volume"": 3200, ""Protocole"": {""Autre"": {""Nombrein"": 16, ""Volumeout"": 2176, ""Nombreout"": 34, ""Volumein"": 1024}}, ""id"": 108}"
71;"128.3.242.8";"{""Volume"": 320, ""Protocole"": {""Autre"": {""Nombrein"": 0, ""Volumeout"": 320, ""Nombreout"": 5, ""Volumein"": 0}}, ""id"": 72}"
72;"128.3.208.31";"{""Volume"": 1728, ""Protocole"": {""ICMP"": {""Nombrein"": 1, ""Volumeout"": 64, ""Nombreout"": 1, ""Volumein"": 64}, ""SMB"": {""Nombrein"": 14, ""Volumeout"": 704, ""Nombreout"": 11, ""Volumein"": 896}}, ""id"": 219}"
73;"131.243.14.184";"{""Volume"": 896, ""Protocole"": {""Autre"": {""Nombrein"": 0, ""Volumeout"": 896, ""Nombreout"": 14, ""Volumein"": 0}}, ""id"": 109}"
74;"131.243.88.135";"{""Volume"": 256, ""Protocole"": {""Autre"": {""Nombrein"": 0, ""Volumeout"": 256, ""Nombreout"": 4, ""Volumein"": 0}}, ""id"": 128}"
75;"131.243.91.100";"{""Volume"": 256, ""Protocole"": {""Autre"": {""Nombrein"": 0, ""Volumeout"": 256, ""Nombreout"": 4, ""Volumein"": 0}}, ""id"": 231}"
76;"128.3.161.74";"{""Volume"": 1728, ""Protocole"": {""Autre"": {""Nombrein"": 8, ""Volumeout"": 576, ""Nombreout"": 9, ""Volumein"": 512}, ""ICMP"": {""Nombrein"": 5, ""Volumeout"": 320, ""Nombreout"": 5, ""Volumein"": 320}}, ""id"": 7}"
77;"128.3.210.223";"{""Volume"": 384, ""Protocole"": {""Autre"": {""Nombrein"": 3, ""Volumeout"": 192, ""Nombreout"": 3, ""Volumein"": 192}}, ""id"": 168}"
78;"131.243.140.115";"{""Volume"": 512, ""Protocole"": {""Autre"": {""Nombrein"": 0, ""Volumeout"": 512, ""Nombreout"": 8, ""Volumein"": 0}}, ""id"": 217}"
79;"131.243.84.56";"{""Volume"": 320, ""Protocole"": {""Autre"": {""Nombrein"": 0, ""Volumeout"": 320, ""Nombreout"": 5, ""Volumein"": 0}}, ""id"": 141}"
80;"131.243.155.28";"{""Volume"": 192, ""Protocole"": {""Autre"": {""Nombrein"": 0, ""Volumeout"": 192, ""Nombreout"": 3, ""Volumein"": 0}}, ""id"": 289}"
81;"131.243.15.9";"{""Volume"": 704, ""Protocole"": {""Autre"": {""Nombrein"": 0, ""Volumeout"": 704, ""Nombreout"": 11, ""Volumein"": 0}}, ""id"": 40}"
82;"255.255.255.255";"{""Volume"": 128, ""Protocole"": {""Autre"": {""Nombrein"": 2, ""Volumeout"": 0, ""Nombreout"": 0, ""Volumein"": 128}}, ""id"": 243}"
83;"128.3.210.98";"{""Volume"": 256, ""Protocole"": {""Autre"": {""Nombrein"": 0, ""Volumeout"": 256, ""Nombreout"": 4, ""Volumein"": 0}}, ""id"": 333}"
84;"131.243.155.20";"{""Volume"": 2688, ""Protocole"": {""Autre"": {""Nombrein"": 21, ""Volumeout"": 1344, ""Nombreout"": 21, ""Volumein"": 1344}}, ""id"": 74}"
85;"128.3.161.98";"{""Volume"": 1395904, ""Protocole"": {""Autre"": {""Nombrein"": 7345, ""Volumeout"": 925824, ""Nombreout"": 14466, ""Volumein"": 470080}}, ""id"": 59}"
86;"128.3.112.243";"{""Volume"": 320, ""Protocole"": {""Autre"": {""Nombrein"": 0, ""Volumeout"": 320, ""Nombreout"": 5, ""Volumein"": 0}}, ""id"": 58}"
87;"128.3.211.136";"{""Volume"": 1024, ""Protocole"": {""Autre"": {""Nombrein"": 0, ""Volumeout"": 1024, ""Nombreout"": 16, ""Volumein"": 0}}, ""id"": 86}"
88;"131.243.219.194";"{""Volume"": 512, ""Protocole"": {""Autre"": {""Nombrein"": 0, ""Volumeout"": 512, ""Nombreout"": 8, ""Volumein"": 0}}, ""id"": 147}"
89;"128.3.194.247";"{""Volume"": 256, ""Protocole"": {""Autre"": {""Nombrein"": 0, ""Volumeout"": 256, ""Nombreout"": 4, ""Volumein"": 0}}, ""id"": 112}"
90;"128.3.63.83";"{""Volume"": 384, ""Protocole"": {""Autre"": {""Nombrein"": 0, ""Volumeout"": 384, ""Nombreout"": 6, ""Volumein"": 0}}, ""id"": 139}"
91;"131.243.95.181";"{""Volume"": 512, ""Protocole"": {""Autre"": {""Nombrein"": 0, ""Volumeout"": 512, ""Nombreout"": 8, ""Volumein"": 0}}, ""id"": 121}"
92;"131.243.63.143";"{""Volume"": 6848, ""Protocole"": {""Autre"": {""Nombrein"": 0, ""Volumeout"": 6848, ""Nombreout"": 107, ""Volumein"": 0}}, ""id"": 33}"
93;"239.255.255.253";"{""Volume"": 144576, ""Protocole"": {""Autre"": {""Nombrein"": 2259, ""Volumeout"": 0, ""Nombreout"": 0, ""Volumein"": 144576}}, ""id"": 3}"
94;"239.255.255.250";"{""Volume"": 2432, ""Protocole"": {""Autre"": {""Nombrein"": 38, ""Volumeout"": 0, ""Nombreout"": 0, ""Volumein"": 2432}}, ""id"": 39}"
95;"131.243.208.213";"{""Volume"": 512, ""Protocole"": {""Autre"": {""Nombrein"": 0, ""Volumeout"": 512, ""Nombreout"": 8, ""Volumein"": 0}}, ""id"": 190}"
96;"131.243.91.149";"{""Volume"": 64, ""Protocole"": {""Autre"": {""Nombrein"": 0, ""Volumeout"": 64, ""Nombreout"": 1, ""Volumein"": 0}}, ""id"": 341}"
97;"131.243.91.224";"{""Volume"": 768, ""Protocole"": {""Autre"": {""Nombrein"": 0, ""Volumeout"": 768, ""Nombreout"": 12, ""Volumein"": 0}}, ""id"": 314}"
98;"131.243.13.202";"{""Volume"": 128, ""Protocole"": {""Autre"": {""Nombrein"": 0, ""Volumeout"": 128, ""Nombreout"": 2, ""Volumein"": 0}}, ""id"": 83}"
99;"131.243.84.27";"{""Volume"": 512, ""Protocole"": {""Autre"": {""Nombrein"": 0, ""Volumeout"": 512, ""Nombreout"": 8, ""Volumein"": 0}}, ""id"": 322}"
100;"128.3.191.173";"{""Volume"": 448, ""Protocole"": {""Autre"": {""Nombrein"": 0, ""Volumeout"": 448, ""Nombreout"": 7, ""Volumein"": 0}}, ""id"": 204}"
101;"128.3.162.146";"{""Volume"": 768, ""Protocole"": {""ICMP"": {""Nombrein"": 6, ""Volumeout"": 384, ""Nombreout"": 6, ""Volumein"": 384}}, ""id"": 79}"
102;"131.243.140.225";"{""Volume"": 2560, ""Protocole"": {""Autre"": {""Nombrein"": 0, ""Volumeout"": 2560, ""Nombreout"": 40, ""Volumein"": 0}}, ""id"": 95}"
103;"131.243.155.174";"{""Volume"": 2688, ""Protocole"": {""Autre"": {""Nombrein"": 10, ""Volumeout"": 1152, ""Nombreout"": 18, ""Volumein"": 640}, ""IMAPS"": {""Nombrein"": 6, ""Volumeout"": 512, ""Nombreout"": 8, ""Volumein"": 384}}, ""id"": 26}"
104;"131.243.155.178";"{""Volume"": 12992, ""Protocole"": {""Autre"": {""Nombrein"": 84, ""Volumeout"": 5248, ""Nombreout"": 82, ""Volumein"": 5376}, ""ICMP"": {""Nombrein"": 6, ""Volumeout"": 384, ""Nombreout"": 6, ""Volumein"": 384}, ""SMB"": {""Nombrein"": 11, ""Volumeout"": 896, ""Nombreout"": 14, ""Volumein"": 704}}, ""id"": 126}"
105;"131.243.60.244";"{""Volume"": 960, ""Protocole"": {""Autre"": {""Nombrein"": 0, ""Volumeout"": 960, ""Nombreout"": 15, ""Volumein"": 0}}, ""id"": 177}"
106;"128.3.211.224";"{""Volume"": 128, ""Protocole"": {""Autre"": {""Nombrein"": 0, ""Volumeout"": 128, ""Nombreout"": 2, ""Volumein"": 0}}, ""id"": 282}"
107;"128.3.188.158";"{""Volume"": 512, ""Protocole"": {""Autre"": {""Nombrein"": 0, ""Volumeout"": 512, ""Nombreout"": 8, ""Volumein"": 0}}, ""id"": 76}"
108;"131.243.40.126";"{""Volume"": 512, ""Protocole"": {""Autre"": {""Nombrein"": 0, ""Volumeout"": 512, ""Nombreout"": 8, ""Volumein"": 0}}, ""id"": 157}"
109;"131.243.90.52";"{""Volume"": 512, ""Protocole"": {""Autre"": {""Nombrein"": 0, ""Volumeout"": 512, ""Nombreout"": 8, ""Volumein"": 0}}, ""id"": 318}"
110;"128.3.39.69";"{""Volume"": 512, ""Protocole"": {""Autre"": {""Nombrein"": 0, ""Volumeout"": 512, ""Nombreout"": 8, ""Volumein"": 0}}, ""id"": 124}"
111;"131.243.103.182";"{""Volume"": 256, ""Protocole"": {""Autre"": {""Nombrein"": 0, ""Volumeout"": 256, ""Nombreout"": 4, ""Volumein"": 0}}, ""id"": 277}"
112;"131.243.103.181";"{""Volume"": 768, ""Protocole"": {""Autre"": {""Nombrein"": 0, ""Volumeout"": 768, ""Nombreout"": 12, ""Volumein"": 0}}, ""id"": 196}"
113;"131.243.89.138";"{""Volume"": 128, ""Protocole"": {""Autre"": {""Nombrein"": 0, ""Volumeout"": 128, ""Nombreout"": 2, ""Volumein"": 0}}, ""id"": 69}"
114;"128.3.97.204";"{""Volume"": 320, ""Protocole"": {""Autre"": {""Nombrein"": 1, ""Volumeout"": 256, ""Nombreout"": 4, ""Volumein"": 64}}, ""id"": 222}"
115;"128.3.188.70";"{""Volume"": 320, ""Protocole"": {""Autre"": {""Nombrein"": 0, ""Volumeout"": 320, ""Nombreout"": 5, ""Volumein"": 0}}, ""id"": 46}"
116;"59.223.4.149";"{""Volume"": 5888, ""Protocole"": {""HTTP"": {""Nombrein"": 34, ""Volumeout"": 3712, ""Nombreout"": 58, ""Volumein"": 2176}}, ""id"": 302}"
117;"170.138.112.37";"{""Volume"": 13760, ""Protocole"": {""IMAPS"": {""Nombrein"": 116, ""Volumeout"": 6336, ""Nombreout"": 99, ""Volumein"": 7424}}, ""id"": 85}"
118;"198.128.26.67";"{""Volume"": 256, ""Protocole"": {""Autre"": {""Nombrein"": 0, ""Volumeout"": 256, ""Nombreout"": 4, ""Volumein"": 0}}, ""id"": 230}"
119;"208.201.173.240";"{""Volume"": 11520, ""Protocole"": {""HTTP"": {""Nombrein"": 84, ""Volumeout"": 6144, ""Nombreout"": 96, ""Volumein"": 5376}}, ""id"": 163}"
120;"131.243.95.248";"{""Volume"": 128, ""Protocole"": {""Autre"": {""Nombrein"": 0, ""Volumeout"": 128, ""Nombreout"": 2, ""Volumein"": 0}}, ""id"": 65}"
121;"131.243.15.92";"{""Volume"": 256, ""Protocole"": {""Autre"": {""Nombrein"": 0, ""Volumeout"": 256, ""Nombreout"": 4, ""Volumein"": 0}}, ""id"": 89}"
122;"128.3.7.204";"{""Volume"": 768, ""Protocole"": {""Autre"": {""Nombrein"": 0, ""Volumeout"": 768, ""Nombreout"": 12, ""Volumein"": 0}}, ""id"": 252}"
123;"128.3.209.107";"{""Volume"": 448, ""Protocole"": {""Autre"": {""Nombrein"": 0, ""Volumeout"": 448, ""Nombreout"": 7, ""Volumein"": 0}}, ""id"": 183}"
124;"128.3.255.147";"{""Volume"": 12288, ""Protocole"": {""Autre"": {""Nombrein"": 0, ""Volumeout"": 12288, ""Nombreout"": 192, ""Volumein"": 0}}, ""id"": 62}"
125;"131.243.106.81";"{""Volume"": 512, ""Protocole"": {""Autre"": {""Nombrein"": 0, ""Volumeout"": 512, ""Nombreout"": 8, ""Volumein"": 0}}, ""id"": 93}"
126;"128.3.210.36";"{""Volume"": 512, ""Protocole"": {""Autre"": {""Nombrein"": 0, ""Volumeout"": 512, ""Nombreout"": 8, ""Volumein"": 0}}, ""id"": 48}"
127;"128.3.189.146";"{""Volume"": 448, ""Protocole"": {""Autre"": {""Nombrein"": 0, ""Volumeout"": 448, ""Nombreout"": 7, ""Volumein"": 0}}, ""id"": 80}"
128;"131.243.155.83";"{""Volume"": 3136, ""Protocole"": {""Autre"": {""Nombrein"": 11, ""Volumeout"": 1856, ""Nombreout"": 29, ""Volumein"": 704}, ""ICMP"": {""Nombrein"": 4, ""Volumeout"": 320, ""Nombreout"": 5, ""Volumein"": 256}}, ""id"": 15}"
129;"131.243.232.211";"{""Volume"": 320, ""Protocole"": {""Autre"": {""Nombrein"": 0, ""Volumeout"": 320, ""Nombreout"": 5, ""Volumein"": 0}}, ""id"": 271}"
130;"128.3.19.103";"{""Volume"": 256, ""Protocole"": {""Autre"": {""Nombrein"": 0, ""Volumeout"": 256, ""Nombreout"": 4, ""Volumein"": 0}}, ""id"": 37}"
131;"128.3.161.46";"{""Volume"": 44992, ""Protocole"": {""Autre"": {""Nombrein"": 351, ""Volumeout"": 22528, ""Nombreout"": 352, ""Volumein"": 22464}}, ""id"": 1}"
132;"128.3.209.178";"{""Volume"": 256, ""Protocole"": {""Autre"": {""Nombrein"": 0, ""Volumeout"": 256, ""Nombreout"": 4, ""Volumein"": 0}}, ""id"": 205}"
133;"131.243.142.48";"{""Volume"": 256, ""Protocole"": {""Autre"": {""Nombrein"": 0, ""Volumeout"": 256, ""Nombreout"": 4, ""Volumein"": 0}}, ""id"": 211}"
134;"131.243.14.250";"{""Volume"": 512, ""Protocole"": {""Autre"": {""Nombrein"": 0, ""Volumeout"": 512, ""Nombreout"": 8, ""Volumein"": 0}}, ""id"": 238}"
135;"131.243.147.72";"{""Volume"": 512, ""Protocole"": {""Autre"": {""Nombrein"": 0, ""Volumeout"": 512, ""Nombreout"": 8, ""Volumein"": 0}}, ""id"": 77}"
136;"131.243.90.129";"{""Volume"": 640, ""Protocole"": {""Autre"": {""Nombrein"": 2, ""Volumeout"": 512, ""Nombreout"": 8, ""Volumein"": 128}}, ""id"": 298}"
137;"131.243.141.160";"{""Volume"": 896, ""Protocole"": {""Autre"": {""Nombrein"": 0, ""Volumeout"": 896, ""Nombreout"": 14, ""Volumein"": 0}}, ""id"": 281}"
138;"131.243.125.102";"{""Volume"": 256, ""Protocole"": {""Autre"": {""Nombrein"": 1, ""Volumeout"": 192, ""Nombreout"": 3, ""Volumein"": 64}}, ""id"": 337}"
139;"131.243.219.179";"{""Volume"": 320, ""Protocole"": {""Autre"": {""Nombrein"": 0, ""Volumeout"": 320, ""Nombreout"": 5, ""Volumein"": 0}}, ""id"": 174}"
140;"224.0.0.1";"{""Volume"": 640, ""Protocole"": {""Autre"": {""Nombrein"": 10, ""Volumeout"": 0, ""Nombreout"": 0, ""Volumein"": 640}}, ""id"": 49}"
141;"131.243.12.246";"{""Volume"": 512, ""Protocole"": {""Autre"": {""Nombrein"": 0, ""Volumeout"": 512, ""Nombreout"": 8, ""Volumein"": 0}}, ""id"": 225}"
142;"131.243.155.250";"{""Volume"": 21312, ""Protocole"": {""Autre"": {""Nombrein"": 19, ""Volumeout"": 1152, ""Nombreout"": 18, ""Volumein"": 1216}, ""HTTP"": {""Nombrein"": 162, ""Volumeout"": 8576, ""Nombreout"": 134, ""Volumein"": 10368}}, ""id"": 0}"
143;"128.3.242.87";"{""Volume"": 320, ""Protocole"": {""Autre"": {""Nombrein"": 0, ""Volumeout"": 320, ""Nombreout"": 5, ""Volumein"": 0}}, ""id"": 249}"
144;"131.243.155.255";"{""Volume"": 1792, ""Protocole"": {""Autre"": {""Nombrein"": 28, ""Volumeout"": 0, ""Nombreout"": 0, ""Volumein"": 1792}}, ""id"": 16}"
145;"131.243.127.47";"{""Volume"": 64, ""Protocole"": {""Autre"": {""Nombrein"": 0, ""Volumeout"": 64, ""Nombreout"": 1, ""Volumein"": 0}}, ""id"": 342}"
146;"131.243.106.30";"{""Volume"": 256, ""Protocole"": {""Autre"": {""Nombrein"": 0, ""Volumeout"": 256, ""Nombreout"": 4, ""Volumein"": 0}}, ""id"": 260}"
147;"131.243.105.73";"{""Volume"": 512, ""Protocole"": {""Autre"": {""Nombrein"": 0, ""Volumeout"": 512, ""Nombreout"": 8, ""Volumein"": 0}}, ""id"": 324}"
148;"59.223.55.73";"{""Volume"": 13376, ""Protocole"": {""HTTP"": {""Nombrein"": 101, ""Volumeout"": 6912, ""Nombreout"": 108, ""Volumein"": 6464}}, ""id"": 306}"
149;"59.223.8.114";"{""Volume"": 8064, ""Protocole"": {""HTTP"": {""Nombrein"": 55, ""Volumeout"": 4544, ""Nombreout"": 71, ""Volumein"": 3520}}, ""id"": 303}"
150;"131.243.144.120";"{""Volume"": 384, ""Protocole"": {""Autre"": {""Nombrein"": 2, ""Volumeout"": 256, ""Nombreout"": 4, ""Volumein"": 128}}, ""id"": 60}"
151;"128.3.161.223";"{""Volume"": 7552, ""Protocole"": {""Autre"": {""Nombrein"": 58, ""Volumeout"": 3840, ""Nombreout"": 60, ""Volumein"": 3712}}, ""id"": 166}"
152;"131.243.146.180";"{""Volume"": 512, ""Protocole"": {""Autre"": {""Nombrein"": 2, ""Volumeout"": 384, ""Nombreout"": 6, ""Volumein"": 128}}, ""id"": 229}"
153;"131.243.140.148";"{""Volume"": 512, ""Protocole"": {""Autre"": {""Nombrein"": 0, ""Volumeout"": 512, ""Nombreout"": 8, ""Volumein"": 0}}, ""id"": 309}"
154;"131.243.101.177";"{""Volume"": 512, ""Protocole"": {""Autre"": {""Nombrein"": 2, ""Volumeout"": 384, ""Nombreout"": 6, ""Volumein"": 128}}, ""id"": 279}"
155;"131.243.88.223";"{""Volume"": 512, ""Protocole"": {""Autre"": {""Nombrein"": 0, ""Volumeout"": 512, ""Nombreout"": 8, ""Volumein"": 0}}, ""id"": 242}"
156;"131.243.10.188";"{""Volume"": 256, ""Protocole"": {""Autre"": {""Nombrein"": 0, ""Volumeout"": 256, ""Nombreout"": 4, ""Volumein"": 0}}, ""id"": 206}"
157;"128.3.164.15";"{""Volume"": 1600, ""Protocole"": {""IMAPS"": {""Nombrein"": 4, ""Volumeout"": 192, ""Nombreout"": 3, ""Volumein"": 256}, ""IMAP"": {""Nombrein"": 8, ""Volumeout"": 640, ""Nombreout"": 10, ""Volumein"": 512}}, ""id"": 194}"
158;"131.243.107.192";"{""Volume"": 256, ""Protocole"": {""Autre"": {""Nombrein"": 0, ""Volumeout"": 256, ""Nombreout"": 4, ""Volumein"": 0}}, ""id"": 68}"
159;"218.131.115.53";"{""Volume"": 3200, ""Protocole"": {""HTTP"": {""Nombrein"": 26, ""Volumeout"": 1536, ""Nombreout"": 24, ""Volumein"": 1664}}, ""id"": 20}"
160;"218.131.115.51";"{""Volume"": 192, ""Protocole"": {""HTTP"": {""Nombrein"": 2, ""Volumeout"": 64, ""Nombreout"": 1, ""Volumein"": 128}}, ""id"": 21}"
161;"131.243.155.146";"{""Volume"": 3520, ""Protocole"": {""Autre"": {""Nombrein"": 6, ""Volumeout"": 448, ""Nombreout"": 7, ""Volumein"": 384}, ""ICMP"": {""Nombrein"": 8, ""Volumeout"": 576, ""Nombreout"": 9, ""Volumein"": 512}, ""IMAPS"": {""Nombrein"": 3, ""Volumeout"": 256, ""Nombreout"": 4, ""Volumein"": 192}, ""IMAP"": {""Nombrein"": 10, ""Volumeout"": 512, ""Nombreout"": 8, ""Volumein"": 640}}, ""id"": 8}"
162;"131.243.93.244";"{""Volume"": 256, ""Protocole"": {""Autre"": {""Nombrein"": 0, ""Volumeout"": 256, ""Nombreout"": 4, ""Volumein"": 0}}, ""id"": 82}"
163;"131.243.102.51";"{""Volume"": 512, ""Protocole"": {""Autre"": {""Nombrein"": 0, ""Volumeout"": 512, ""Nombreout"": 8, ""Volumein"": 0}}, ""id"": 287}"
164;"128.3.209.201";"{""Volume"": 512, ""Protocole"": {""Autre"": {""Nombrein"": 0, ""Volumeout"": 512, ""Nombreout"": 8, ""Volumein"": 0}}, ""id"": 239}"
165;"128.3.191.130";"{""Volume"": 256, ""Protocole"": {""Autre"": {""Nombrein"": 0, ""Volumeout"": 256, ""Nombreout"": 4, ""Volumein"": 0}}, ""id"": 102}"
166;"128.3.255.34";"{""Volume"": 14976, ""Protocole"": {""Autre"": {""Nombrein"": 0, ""Volumeout"": 14976, ""Nombreout"": 234, ""Volumein"": 0}}, ""id"": 13}"
167;"131.243.141.94";"{""Volume"": 448, ""Protocole"": {""Autre"": {""Nombrein"": 0, ""Volumeout"": 448, ""Nombreout"": 7, ""Volumein"": 0}}, ""id"": 149}"
168;"131.243.147.43";"{""Volume"": 256, ""Protocole"": {""Autre"": {""Nombrein"": 0, ""Volumeout"": 256, ""Nombreout"": 4, ""Volumein"": 0}}, ""id"": 193}"
169;"131.243.88.128";"{""Volume"": 320, ""Protocole"": {""Autre"": {""Nombrein"": 0, ""Volumeout"": 320, ""Nombreout"": 5, ""Volumein"": 0}}, ""id"": 173}"
170;"131.243.219.216";"{""Volume"": 1536, ""Protocole"": {""Autre"": {""Nombrein"": 12, ""Volumeout"": 768, ""Nombreout"": 12, ""Volumein"": 768}}, ""id"": 137}"
171;"131.243.10.34";"{""Volume"": 128, ""Protocole"": {""Autre"": {""Nombrein"": 0, ""Volumeout"": 128, ""Nombreout"": 2, ""Volumein"": 0}}, ""id"": 36}"
172;"128.3.6.221";"{""Volume"": 256, ""Protocole"": {""Autre"": {""Nombrein"": 0, ""Volumeout"": 256, ""Nombreout"": 4, ""Volumein"": 0}}, ""id"": 87}"
173;"131.243.87.149";"{""Volume"": 320, ""Protocole"": {""Autre"": {""Nombrein"": 0, ""Volumeout"": 320, ""Nombreout"": 5, ""Volumein"": 0}}, ""id"": 154}"
174;"128.3.39.162";"{""Volume"": 448, ""Protocole"": {""Autre"": {""Nombrein"": 2, ""Volumeout"": 320, ""Nombreout"": 5, ""Volumein"": 128}}, ""id"": 268}"
175;"128.3.194.175";"{""Volume"": 256, ""Protocole"": {""Autre"": {""Nombrein"": 0, ""Volumeout"": 256, ""Nombreout"": 4, ""Volumein"": 0}}, ""id"": 110}"
176;"128.3.194.177";"{""Volume"": 256, ""Protocole"": {""Autre"": {""Nombrein"": 0, ""Volumeout"": 256, ""Nombreout"": 4, ""Volumein"": 0}}, ""id"": 117}"
177;"131.243.141.124";"{""Volume"": 1024, ""Protocole"": {""Autre"": {""Nombrein"": 0, ""Volumeout"": 1024, ""Nombreout"": 16, ""Volumein"": 0}}, ""id"": 197}"
178;"224.0.1.60";"{""Volume"": 1472, ""Protocole"": {""Autre"": {""Nombrein"": 23, ""Volumeout"": 0, ""Nombreout"": 0, ""Volumein"": 1472}}, ""id"": 51}"
179;"131.243.90.216";"{""Volume"": 256, ""Protocole"": {""Autre"": {""Nombrein"": 0, ""Volumeout"": 256, ""Nombreout"": 4, ""Volumein"": 0}}, ""id"": 106}"
180;"131.243.12.208";"{""Volume"": 256, ""Protocole"": {""Autre"": {""Nombrein"": 0, ""Volumeout"": 256, ""Nombreout"": 4, ""Volumein"": 0}}, ""id"": 210}"
181;"128.3.255.139";"{""Volume"": 128, ""Protocole"": {""Autre"": {""Nombrein"": 0, ""Volumeout"": 128, ""Nombreout"": 2, ""Volumein"": 0}}, ""id"": 317}"
182;"131.243.142.153";"{""Volume"": 256, ""Protocole"": {""Autre"": {""Nombrein"": 0, ""Volumeout"": 256, ""Nombreout"": 4, ""Volumein"": 0}}, ""id"": 286}"
183;"170.138.112.62";"{""Volume"": 5568, ""Protocole"": {""Autre"": {""Nombrein"": 2, ""Volumeout"": 128, ""Nombreout"": 2, ""Volumein"": 128}, ""SMTP"": {""Nombrein"": 42, ""Volumeout"": 2624, ""Nombreout"": 41, ""Volumein"": 2688}}, ""id"": 119}"
184;"131.243.143.142";"{""Volume"": 384, ""Protocole"": {""Autre"": {""Nombrein"": 0, ""Volumeout"": 384, ""Nombreout"": 6, ""Volumein"": 0}}, ""id"": 326}"
185;"128.3.164.203";"{""Volume"": 128, ""Protocole"": {""LDAP"": {""Nombrein"": 1, ""Volumeout"": 64, ""Nombreout"": 1, ""Volumein"": 64}}, ""id"": 248}"
186;"128.3.242.248";"{""Volume"": 320, ""Protocole"": {""Autre"": {""Nombrein"": 0, ""Volumeout"": 320, ""Nombreout"": 5, ""Volumein"": 0}}, ""id"": 241}"
187;"131.243.142.8";"{""Volume"": 512, ""Protocole"": {""Autre"": {""Nombrein"": 0, ""Volumeout"": 512, ""Nombreout"": 8, ""Volumein"": 0}}, ""id"": 228}"
188;"128.3.208.188";"{""Volume"": 1536, ""Protocole"": {""Autre"": {""Nombrein"": 0, ""Volumeout"": 1536, ""Nombreout"": 24, ""Volumein"": 0}}, ""id"": 104}"
189;"131.243.140.105";"{""Volume"": 640, ""Protocole"": {""Autre"": {""Nombrein"": 2, ""Volumeout"": 512, ""Nombreout"": 8, ""Volumein"": 128}}, ""id"": 203}"
190;"224.1.0.38";"{""Volume"": 640, ""Protocole"": {""Autre"": {""Nombrein"": 10, ""Volumeout"": 0, ""Nombreout"": 0, ""Volumein"": 640}}, ""id"": 57}"
191;"128.3.4.200";"{""Volume"": 320, ""Protocole"": {""Autre"": {""Nombrein"": 0, ""Volumeout"": 320, ""Nombreout"": 5, ""Volumein"": 0}}, ""id"": 213}"
192;"198.129.89.252";"{""Volume"": 768, ""Protocole"": {""Autre"": {""Nombrein"": 0, ""Volumeout"": 768, ""Nombreout"": 12, ""Volumein"": 0}}, ""id"": 224}"
193;"131.243.170.104";"{""Volume"": 1408, ""Protocole"": {""Autre"": {""Nombrein"": 0, ""Volumeout"": 1408, ""Nombreout"": 22, ""Volumein"": 0}}, ""id"": 226}"
194;"128.3.189.127";"{""Volume"": 256, ""Protocole"": {""Autre"": {""Nombrein"": 0, ""Volumeout"": 256, ""Nombreout"": 4, ""Volumein"": 0}}, ""id"": 315}"
195;"131.243.93.106";"{""Volume"": 512, ""Protocole"": {""Autre"": {""Nombrein"": 0, ""Volumeout"": 512, ""Nombreout"": 8, ""Volumein"": 0}}, ""id"": 175}"
196;"128.3.242.56";"{""Volume"": 512, ""Protocole"": {""Autre"": {""Nombrein"": 0, ""Volumeout"": 512, ""Nombreout"": 8, ""Volumein"": 0}}, ""id"": 181}"
197;"59.223.13.105";"{""Volume"": 960, ""Protocole"": {""HTTP"": {""Nombrein"": 6, ""Volumeout"": 576, ""Nombreout"": 9, ""Volumein"": 384}}, ""id"": 316}"
198;"128.3.191.245";"{""Volume"": 320, ""Protocole"": {""Autre"": {""Nombrein"": 0, ""Volumeout"": 320, ""Nombreout"": 5, ""Volumein"": 0}}, ""id"": 300}"
199;"131.243.106.253";"{""Volume"": 512, ""Protocole"": {""Autre"": {""Nombrein"": 0, ""Volumeout"": 512, ""Nombreout"": 8, ""Volumein"": 0}}, ""id"": 235}"
200;"131.243.106.250";"{""Volume"": 256, ""Protocole"": {""Autre"": {""Nombrein"": 0, ""Volumeout"": 256, ""Nombreout"": 4, ""Volumein"": 0}}, ""id"": 212}"
201;"128.3.191.103";"{""Volume"": 256, ""Protocole"": {""Autre"": {""Nombrein"": 0, ""Volumeout"": 256, ""Nombreout"": 4, ""Volumein"": 0}}, ""id"": 267}"
202;"131.243.203.214";"{""Volume"": 512, ""Protocole"": {""Autre"": {""Nombrein"": 0, ""Volumeout"": 512, ""Nombreout"": 8, ""Volumein"": 0}}, ""id"": 145}"
203;"131.243.140.213";"{""Volume"": 448, ""Protocole"": {""Autre"": {""Nombrein"": 0, ""Volumeout"": 448, ""Nombreout"": 7, ""Volumein"": 0}}, ""id"": 24}"
204;"131.243.145.135";"{""Volume"": 256, ""Protocole"": {""Autre"": {""Nombrein"": 0, ""Volumeout"": 256, ""Nombreout"": 4, ""Volumein"": 0}}, ""id"": 328}"
205;"131.243.104.255";"{""Volume"": 320, ""Protocole"": {""Autre"": {""Nombrein"": 0, ""Volumeout"": 320, ""Nombreout"": 5, ""Volumein"": 0}}, ""id"": 218}"
206;"131.243.140.191";"{""Volume"": 448, ""Protocole"": {""Autre"": {""Nombrein"": 0, ""Volumeout"": 448, ""Nombreout"": 7, ""Volumein"": 0}}, ""id"": 100}"
207;"131.243.232.19";"{""Volume"": 192, ""Protocole"": {""Autre"": {""Nombrein"": 0, ""Volumeout"": 192, ""Nombreout"": 3, ""Volumein"": 0}}, ""id"": 34}"
208;"208.189.202.205";"{""Volume"": 3264, ""Protocole"": {""HTTP"": {""Nombrein"": 27, ""Volumeout"": 1536, ""Nombreout"": 24, ""Volumein"": 1728}}, ""id"": 18}"
209;"131.243.146.218";"{""Volume"": 256, ""Protocole"": {""Autre"": {""Nombrein"": 0, ""Volumeout"": 256, ""Nombreout"": 4, ""Volumein"": 0}}, ""id"": 295}"
210;"128.3.18.120";"{""Volume"": 768, ""Protocole"": {""Autre"": {""Nombrein"": 0, ""Volumeout"": 768, ""Nombreout"": 12, ""Volumein"": 0}}, ""id"": 118}"
211;"131.243.92.161";"{""Volume"": 256, ""Protocole"": {""Autre"": {""Nombrein"": 0, ""Volumeout"": 256, ""Nombreout"": 4, ""Volumein"": 0}}, ""id"": 215}"
212;"128.3.41.110";"{""Volume"": 256, ""Protocole"": {""Autre"": {""Nombrein"": 0, ""Volumeout"": 256, ""Nombreout"": 4, ""Volumein"": 0}}, ""id"": 234}"
213;"224.0.0.13";"{""Volume"": 1280, ""Protocole"": {""Autre"": {""Nombrein"": 20, ""Volumeout"": 0, ""Nombreout"": 0, ""Volumein"": 1280}}, ""id"": 31}"
214;"131.243.100.155";"{""Volume"": 1024, ""Protocole"": {""Autre"": {""Nombrein"": 0, ""Volumeout"": 1024, ""Nombreout"": 16, ""Volumein"": 0}}, ""id"": 214}"
215;"131.243.100.12";"{""Volume"": 256, ""Protocole"": {""Autre"": {""Nombrein"": 0, ""Volumeout"": 256, ""Nombreout"": 4, ""Volumein"": 0}}, ""id"": 280}"
216;"131.243.95.221";"{""Volume"": 256, ""Protocole"": {""Autre"": {""Nombrein"": 0, ""Volumeout"": 256, ""Nombreout"": 4, ""Volumein"": 0}}, ""id"": 247}"
217;"131.243.105.244";"{""Volume"": 256, ""Protocole"": {""Autre"": {""Nombrein"": 0, ""Volumeout"": 256, ""Nombreout"": 4, ""Volumein"": 0}}, ""id"": 202}"
218;"131.243.155.113";"{""Volume"": 1435072, ""Protocole"": {""Autre"": {""Nombrein"": 14763, ""Volumeout"": 489728, ""Nombreout"": 7652, ""Volumein"": 944832}, ""ICMP"": {""Nombrein"": 0, ""Volumeout"": 64, ""Nombreout"": 1, ""Volumein"": 0}, ""IMAPS"": {""Nombrein"": 3, ""Volumeout"": 256, ""Nombreout"": 4, ""Volumein"": 192}}, ""id"": 12}"
219;"131.243.142.231";"{""Volume"": 768, ""Protocole"": {""Autre"": {""Nombrein"": 0, ""Volumeout"": 768, ""Nombreout"": 12, ""Volumein"": 0}}, ""id"": 192}"
220;"131.243.155.21";"{""Volume"": 4288, ""Protocole"": {""Autre"": {""Nombrein"": 1, ""Volumeout"": 4160, ""Nombreout"": 65, ""Volumein"": 64}, ""ICMP"": {""Nombrein"": 0, ""Volumeout"": 64, ""Nombreout"": 1, ""Volumein"": 0}}, ""id"": 53}"
221;"131.243.26.223";"{""Volume"": 320, ""Protocole"": {""Autre"": {""Nombrein"": 0, ""Volumeout"": 320, ""Nombreout"": 5, ""Volumein"": 0}}, ""id"": 261}"
222;"131.243.107.209";"{""Volume"": 320, ""Protocole"": {""Autre"": {""Nombrein"": 0, ""Volumeout"": 320, ""Nombreout"": 5, ""Volumein"": 0}}, ""id"": 142}"
223;"128.3.242.52";"{""Volume"": 512, ""Protocole"": {""Autre"": {""Nombrein"": 0, ""Volumeout"": 512, ""Nombreout"": 8, ""Volumein"": 0}}, ""id"": 305}"
224;"131.243.124.221";"{""Volume"": 512, ""Protocole"": {""Autre"": {""Nombrein"": 0, ""Volumeout"": 512, ""Nombreout"": 8, ""Volumein"": 0}}, ""id"": 256}"
225;"204.116.20.80";"{""Volume"": 21888, ""Protocole"": {""HTTP"": {""Nombrein"": 7, ""Volumeout"": 576, ""Nombreout"": 9, ""Volumein"": 448}, ""HTTPS"": {""Nombrein"": 118, ""Volumeout"": 13312, ""Nombreout"": 208, ""Volumein"": 7552}}, ""id"": 255}"
226;"128.3.208.18";"{""Volume"": 1024, ""Protocole"": {""Autre"": {""Nombrein"": 0, ""Volumeout"": 1024, ""Nombreout"": 16, ""Volumein"": 0}}, ""id"": 92}"
227;"131.243.145.253";"{""Volume"": 256, ""Protocole"": {""Autre"": {""Nombrein"": 0, ""Volumeout"": 256, ""Nombreout"": 4, ""Volumein"": 0}}, ""id"": 332}"
228;"128.3.183.76";"{""Volume"": 576, ""Protocole"": {""Autre"": {""Nombrein"": 0, ""Volumeout"": 576, ""Nombreout"": 9, ""Volumein"": 0}}, ""id"": 105}"
229;"131.243.147.88";"{""Volume"": 256, ""Protocole"": {""Autre"": {""Nombrein"": 0, ""Volumeout"": 256, ""Nombreout"": 4, ""Volumein"": 0}}, ""id"": 232}"
230;"131.243.94.195";"{""Volume"": 11392, ""Protocole"": {""Autre"": {""Nombrein"": 0, ""Volumeout"": 11392, ""Nombreout"": 178, ""Volumein"": 0}}, ""id"": 6}"
231;"128.3.188.198";"{""Volume"": 512, ""Protocole"": {""Autre"": {""Nombrein"": 0, ""Volumeout"": 512, ""Nombreout"": 8, ""Volumein"": 0}}, ""id"": 180}"
232;"128.3.4.44";"{""Volume"": 256, ""Protocole"": {""Autre"": {""Nombrein"": 0, ""Volumeout"": 256, ""Nombreout"": 4, ""Volumein"": 0}}, ""id"": 227}"
233;"213.221.231.81";"{""Volume"": 128, ""Protocole"": {""Autre"": {""Nombrein"": 0, ""Volumeout"": 128, ""Nombreout"": 2, ""Volumein"": 0}}, ""id"": 127}"
234;"128.3.112.223";"{""Volume"": 512, ""Protocole"": {""Autre"": {""Nombrein"": 0, ""Volumeout"": 512, ""Nombreout"": 8, ""Volumein"": 0}}, ""id"": 160}"
235;"128.3.191.71";"{""Volume"": 128, ""Protocole"": {""Autre"": {""Nombrein"": 0, ""Volumeout"": 128, ""Nombreout"": 2, ""Volumein"": 0}}, ""id"": 198}"
236;"131.243.170.252";"{""Volume"": 256, ""Protocole"": {""Autre"": {""Nombrein"": 0, ""Volumeout"": 256, ""Nombreout"": 4, ""Volumein"": 0}}, ""id"": 264}"
237;"128.3.112.228";"{""Volume"": 256, ""Protocole"": {""Autre"": {""Nombrein"": 0, ""Volumeout"": 256, ""Nombreout"": 4, ""Volumein"": 0}}, ""id"": 172}"
238;"128.3.242.93";"{""Volume"": 512, ""Protocole"": {""Autre"": {""Nombrein"": 0, ""Volumeout"": 512, ""Nombreout"": 8, ""Volumein"": 0}}, ""id"": 259}"
239;"131.243.155.240";"{""Volume"": 3264, ""Protocole"": {""Autre"": {""Nombrein"": 24, ""Volumeout"": 1728, ""Nombreout"": 27, ""Volumein"": 1536}}, ""id"": 151}"
240;"131.243.143.179";"{""Volume"": 448, ""Protocole"": {""Autre"": {""Nombrein"": 0, ""Volumeout"": 448, ""Nombreout"": 7, ""Volumein"": 0}}, ""id"": 164}"
241;"128.3.242.214";"{""Volume"": 320, ""Protocole"": {""Autre"": {""Nombrein"": 0, ""Volumeout"": 320, ""Nombreout"": 5, ""Volumein"": 0}}, ""id"": 258}"
242;"204.116.100.64";"{""Volume"": 64, ""Protocole"": {""Autre"": {""Nombrein"": 1, ""Volumeout"": 0, ""Nombreout"": 0, ""Volumein"": 64}}, ""id"": 223}"
243;"131.243.200.199";"{""Volume"": 832, ""Protocole"": {""Autre"": {""Nombrein"": 0, ""Volumeout"": 832, ""Nombreout"": 13, ""Volumein"": 0}}, ""id"": 250}"
244;"131.243.143.12";"{""Volume"": 448, ""Protocole"": {""Autre"": {""Nombrein"": 0, ""Volumeout"": 448, ""Nombreout"": 7, ""Volumein"": 0}}, ""id"": 320}"
245;"131.243.105.45";"{""Volume"": 384, ""Protocole"": {""Autre"": {""Nombrein"": 2, ""Volumeout"": 256, ""Nombreout"": 4, ""Volumein"": 128}}, ""id"": 99}"
246;"128.3.204.24";"{""Volume"": 512, ""Protocole"": {""Autre"": {""Nombrein"": 0, ""Volumeout"": 512, ""Nombreout"": 8, ""Volumein"": 0}}, ""id"": 189}"
247;"224.0.1.22";"{""Volume"": 61952, ""Protocole"": {""Autre"": {""Nombrein"": 968, ""Volumeout"": 0, ""Nombreout"": 0, ""Volumein"": 61952}}, ""id"": 14}"
248;"131.243.63.39";"{""Volume"": 512, ""Protocole"": {""Autre"": {""Nombrein"": 2, ""Volumeout"": 384, ""Nombreout"": 6, ""Volumein"": 128}}, ""id"": 270}"
249;"131.243.61.70";"{""Volume"": 12736, ""Protocole"": {""Autre"": {""Nombrein"": 0, ""Volumeout"": 12736, ""Nombreout"": 199, ""Volumein"": 0}}, ""id"": 9}"
250;"131.243.140.252";"{""Volume"": 448, ""Protocole"": {""Autre"": {""Nombrein"": 0, ""Volumeout"": 448, ""Nombreout"": 7, ""Volumein"": 0}}, ""id"": 297}"
251;"128.3.161.230";"{""Volume"": 1152, ""Protocole"": {""Autre"": {""Nombrein"": 4, ""Volumeout"": 256, ""Nombreout"": 4, ""Volumein"": 256}, ""ICMP"": {""Nombrein"": 5, ""Volumeout"": 320, ""Nombreout"": 5, ""Volumein"": 320}}, ""id"": 28}"
252;"198.125.133.255";"{""Volume"": 192, ""Protocole"": {""Autre"": {""Nombrein"": 3, ""Volumeout"": 0, ""Nombreout"": 0, ""Volumein"": 192}}, ""id"": 290}"
253;"131.243.140.96";"{""Volume"": 512, ""Protocole"": {""Autre"": {""Nombrein"": 0, ""Volumeout"": 512, ""Nombreout"": 8, ""Volumein"": 0}}, ""id"": 325}"
254;"131.243.140.151";"{""Volume"": 512, ""Protocole"": {""Autre"": {""Nombrein"": 0, ""Volumeout"": 512, ""Nombreout"": 8, ""Volumein"": 0}}, ""id"": 17}"
255;"131.243.94.120";"{""Volume"": 320, ""Protocole"": {""Autre"": {""Nombrein"": 0, ""Volumeout"": 320, ""Nombreout"": 5, ""Volumein"": 0}}, ""id"": 125}"
256;"131.243.141.244";"{""Volume"": 512, ""Protocole"": {""Autre"": {""Nombrein"": 0, ""Volumeout"": 512, ""Nombreout"": 8, ""Volumein"": 0}}, ""id"": 285}"
257;"131.243.94.126";"{""Volume"": 192, ""Protocole"": {""Autre"": {""Nombrein"": 0, ""Volumeout"": 192, ""Nombreout"": 3, ""Volumein"": 0}}, ""id"": 321}"
258;"131.243.91.161";"{""Volume"": 256, ""Protocole"": {""Autre"": {""Nombrein"": 0, ""Volumeout"": 256, ""Nombreout"": 4, ""Volumein"": 0}}, ""id"": 91}"
259;"131.243.91.166";"{""Volume"": 512, ""Protocole"": {""Autre"": {""Nombrein"": 0, ""Volumeout"": 512, ""Nombreout"": 8, ""Volumein"": 0}}, ""id"": 201}"
260;"128.3.188.31";"{""Volume"": 5696, ""Protocole"": {""Autre"": {""Nombrein"": 30, ""Volumeout"": 3776, ""Nombreout"": 59, ""Volumein"": 1920}}, ""id"": 42}"
261;"131.243.95.135";"{""Volume"": 640, ""Protocole"": {""Autre"": {""Nombrein"": 0, ""Volumeout"": 640, ""Nombreout"": 10, ""Volumein"": 0}}, ""id"": 207}"
262;"198.129.88.104";"{""Volume"": 1024, ""Protocole"": {""Autre"": {""Nombrein"": 0, ""Volumeout"": 1024, ""Nombreout"": 16, ""Volumein"": 0}}, ""id"": 38}"
263;"204.116.36.227";"{""Volume"": 512, ""Protocole"": {""HTTP"": {""Nombrein"": 5, ""Volumeout"": 192, ""Nombreout"": 3, ""Volumein"": 320}}, ""id"": 257}"
264;"131.243.105.204";"{""Volume"": 256, ""Protocole"": {""Autre"": {""Nombrein"": 0, ""Volumeout"": 256, ""Nombreout"": 4, ""Volumein"": 0}}, ""id"": 4}"
265;"131.243.144.223";"{""Volume"": 256, ""Protocole"": {""Autre"": {""Nombrein"": 0, ""Volumeout"": 256, ""Nombreout"": 4, ""Volumein"": 0}}, ""id"": 111}"
266;"128.3.5.67";"{""Volume"": 320, ""Protocole"": {""Autre"": {""Nombrein"": 0, ""Volumeout"": 320, ""Nombreout"": 5, ""Volumein"": 0}}, ""id"": 146}"
267;"128.3.212.21";"{""Volume"": 2304, ""Protocole"": {""ICMP"": {""Nombrein"": 18, ""Volumeout"": 1152, ""Nombreout"": 18, ""Volumein"": 1152}}, ""id"": 70}"
268;"131.243.155.152";"{""Volume"": 6016, ""Protocole"": {""Autre"": {""Nombrein"": 9, ""Volumeout"": 448, ""Nombreout"": 7, ""Volumein"": 576}, ""ICMP"": {""Nombrein"": 39, ""Volumeout"": 2496, ""Nombreout"": 39, ""Volumein"": 2496}}, ""id"": 71}"
269;"131.243.144.23";"{""Volume"": 768, ""Protocole"": {""Autre"": {""Nombrein"": 0, ""Volumeout"": 768, ""Nombreout"": 12, ""Volumein"": 0}}, ""id"": 81}"
270;"131.243.85.54";"{""Volume"": 5696, ""Protocole"": {""Autre"": {""Nombrein"": 0, ""Volumeout"": 5696, ""Nombreout"": 89, ""Volumein"": 0}}, ""id"": 32}"
271;"131.243.103.226";"{""Volume"": 320, ""Protocole"": {""Autre"": {""Nombrein"": 0, ""Volumeout"": 320, ""Nombreout"": 5, ""Volumein"": 0}}, ""id"": 54}"
272;"128.3.188.170";"{""Volume"": 256, ""Protocole"": {""Autre"": {""Nombrein"": 0, ""Volumeout"": 256, ""Nombreout"": 4, ""Volumein"": 0}}, ""id"": 134}"
273;"128.3.7.36";"{""Volume"": 320, ""Protocole"": {""Autre"": {""Nombrein"": 0, ""Volumeout"": 320, ""Nombreout"": 5, ""Volumein"": 0}}, ""id"": 330}"
274;"204.116.20.141";"{""Volume"": 1280, ""Protocole"": {""HTTP"": {""Nombrein"": 10, ""Volumeout"": 640, ""Nombreout"": 10, ""Volumein"": 640}}, ""id"": 253}"
275;"128.3.209.27";"{""Volume"": 256, ""Protocole"": {""Autre"": {""Nombrein"": 0, ""Volumeout"": 256, ""Nombreout"": 4, ""Volumein"": 0}}, ""id"": 178}"
276;"128.3.37.175";"{""Volume"": 256, ""Protocole"": {""Autre"": {""Nombrein"": 0, ""Volumeout"": 256, ""Nombreout"": 4, ""Volumein"": 0}}, ""id"": 179}"
277;"128.3.161.197";"{""Volume"": 11264, ""Protocole"": {""Autre"": {""Nombrein"": 68, ""Volumeout"": 5056, ""Nombreout"": 79, ""Volumein"": 4352}, ""ICMP"": {""Nombrein"": 2, ""Volumeout"": 128, ""Nombreout"": 2, ""Volumein"": 128}, ""SMB"": {""Nombrein"": 14, ""Volumeout"": 704, ""Nombreout"": 11, ""Volumein"": 896}}, ""id"": 138}"
278;"128.55.157.218";"{""Volume"": 192, ""Protocole"": {""Autre"": {""Nombrein"": 3, ""Volumeout"": 0, ""Nombreout"": 0, ""Volumein"": 192}}, ""id"": 169}"
279;"131.243.86.103";"{""Volume"": 512, ""Protocole"": {""Autre"": {""Nombrein"": 0, ""Volumeout"": 512, ""Nombreout"": 8, ""Volumein"": 0}}, ""id"": 186}"
280;"131.243.143.65";"{""Volume"": 448, ""Protocole"": {""Autre"": {""Nombrein"": 0, ""Volumeout"": 448, ""Nombreout"": 7, ""Volumein"": 0}}, ""id"": 294}"
281;"131.243.143.66";"{""Volume"": 384, ""Protocole"": {""Autre"": {""Nombrein"": 0, ""Volumeout"": 384, ""Nombreout"": 6, ""Volumein"": 0}}, ""id"": 114}"
282;"131.243.106.63";"{""Volume"": 384, ""Protocole"": {""Autre"": {""Nombrein"": 0, ""Volumeout"": 384, ""Nombreout"": 6, ""Volumein"": 0}}, ""id"": 335}"
283;"131.243.106.61";"{""Volume"": 320, ""Protocole"": {""Autre"": {""Nombrein"": 0, ""Volumeout"": 320, ""Nombreout"": 5, ""Volumein"": 0}}, ""id"": 66}"
284;"131.243.142.169";"{""Volume"": 448, ""Protocole"": {""Autre"": {""Nombrein"": 0, ""Volumeout"": 448, ""Nombreout"": 7, ""Volumein"": 0}}, ""id"": 153}"
285;"131.243.142.168";"{""Volume"": 448, ""Protocole"": {""Autre"": {""Nombrein"": 0, ""Volumeout"": 448, ""Nombreout"": 7, ""Volumein"": 0}}, ""id"": 216}"
286;"131.243.143.136";"{""Volume"": 512, ""Protocole"": {""Autre"": {""Nombrein"": 0, ""Volumeout"": 512, ""Nombreout"": 8, ""Volumein"": 0}}, ""id"": 276}"
287;"128.3.161.22";"{""Volume"": 18688, ""Protocole"": {""Autre"": {""Nombrein"": 127, ""Volumeout"": 9088, ""Nombreout"": 142, ""Volumein"": 8128}, ""POP3S"": {""Nombrein"": 4, ""Volumeout"": 320, ""Nombreout"": 5, ""Volumein"": 256}, ""ICMP"": {""Nombrein"": 7, ""Volumeout"": 448, ""Nombreout"": 7, ""Volumein"": 448}}, ""id"": 22}"
288;"198.129.91.44";"{""Volume"": 192, ""Protocole"": {""Autre"": {""Nombrein"": 0, ""Volumeout"": 192, ""Nombreout"": 3, ""Volumein"": 0}}, ""id"": 67}"
289;"128.3.63.240";"{""Volume"": 320, ""Protocole"": {""Autre"": {""Nombrein"": 0, ""Volumeout"": 320, ""Nombreout"": 5, ""Volumein"": 0}}, ""id"": 251}"
290;"128.3.191.1";"{""Volume"": 832, ""Protocole"": {""Autre"": {""Nombrein"": 0, ""Volumeout"": 832, ""Nombreout"": 13, ""Volumein"": 0}}, ""id"": 133}"
291;"128.3.112.162";"{""Volume"": 192, ""Protocole"": {""Autre"": {""Nombrein"": 0, ""Volumeout"": 192, ""Nombreout"": 3, ""Volumein"": 0}}, ""id"": 170}"
292;"128.3.242.4";"{""Volume"": 320, ""Protocole"": {""Autre"": {""Nombrein"": 0, ""Volumeout"": 320, ""Nombreout"": 5, ""Volumein"": 0}}, ""id"": 266}"
293;"128.3.191.8";"{""Volume"": 256, ""Protocole"": {""Autre"": {""Nombrein"": 0, ""Volumeout"": 256, ""Nombreout"": 4, ""Volumein"": 0}}, ""id"": 311}"
294;"128.3.191.9";"{""Volume"": 512, ""Protocole"": {""Autre"": {""Nombrein"": 0, ""Volumeout"": 512, ""Nombreout"": 8, ""Volumein"": 0}}, ""id"": 319}"
295;"131.243.141.204";"{""Volume"": 448, ""Protocole"": {""Autre"": {""Nombrein"": 0, ""Volumeout"": 448, ""Nombreout"": 7, ""Volumein"": 0}}, ""id"": 143}"
296;"131.243.219.153";"{""Volume"": 1920, ""Protocole"": {""Autre"": {""Nombrein"": 0, ""Volumeout"": 1920, ""Nombreout"": 30, ""Volumein"": 0}}, ""id"": 299}"
297;"131.243.42.215";"{""Volume"": 256, ""Protocole"": {""Autre"": {""Nombrein"": 0, ""Volumeout"": 256, ""Nombreout"": 4, ""Volumein"": 0}}, ""id"": 162}"
298;"128.3.191.53";"{""Volume"": 512, ""Protocole"": {""Autre"": {""Nombrein"": 0, ""Volumeout"": 512, ""Nombreout"": 8, ""Volumein"": 0}}, ""id"": 155}"
299;"131.243.140.65";"{""Volume"": 384, ""Protocole"": {""Autre"": {""Nombrein"": 0, ""Volumeout"": 384, ""Nombreout"": 6, ""Volumein"": 0}}, ""id"": 340}"
300;"131.243.253.92";"{""Volume"": 768, ""Protocole"": {""Autre"": {""Nombrein"": 0, ""Volumeout"": 384, ""Nombreout"": 6, ""Volumein"": 0}, ""ICMP"": {""Nombrein"": 6, ""Volumeout"": 0, ""Nombreout"": 0, ""Volumein"": 384}}, ""id"": 254}"
301;"131.243.26.83";"{""Volume"": 512, ""Protocole"": {""Autre"": {""Nombrein"": 0, ""Volumeout"": 512, ""Nombreout"": 8, ""Volumein"": 0}}, ""id"": 96}"
302;"128.3.193.56";"{""Volume"": 768, ""Protocole"": {""Autre"": {""Nombrein"": 0, ""Volumeout"": 768, ""Nombreout"": 12, ""Volumein"": 0}}, ""id"": 292}"
303;"131.243.219.42";"{""Volume"": 512, ""Protocole"": {""Autre"": {""Nombrein"": 0, ""Volumeout"": 512, ""Nombreout"": 8, ""Volumein"": 0}}, ""id"": 152}"
304;"131.243.107.4";"{""Volume"": 128, ""Protocole"": {""Autre"": {""Nombrein"": 0, ""Volumeout"": 128, ""Nombreout"": 2, ""Volumein"": 0}}, ""id"": 50}"
305;"131.243.140.206";"{""Volume"": 512, ""Protocole"": {""Autre"": {""Nombrein"": 0, ""Volumeout"": 512, ""Nombreout"": 8, ""Volumein"": 0}}, ""id"": 221}"
306;"128.3.5.23";"{""Volume"": 320, ""Protocole"": {""Autre"": {""Nombrein"": 0, ""Volumeout"": 320, ""Nombreout"": 5, ""Volumein"": 0}}, ""id"": 209}"
307;"128.3.161.165";"{""Volume"": 1024, ""Protocole"": {""Autre"": {""Nombrein"": 3, ""Volumeout"": 192, ""Nombreout"": 3, ""Volumein"": 192}, ""ICMP"": {""Nombrein"": 5, ""Volumeout"": 320, ""Nombreout"": 5, ""Volumein"": 320}}, ""id"": 29}"
308;"128.3.7.122";"{""Volume"": 128, ""Protocole"": {""Autre"": {""Nombrein"": 0, ""Volumeout"": 128, ""Nombreout"": 2, ""Volumein"": 0}}, ""id"": 244}"
309;"131.243.101.150";"{""Volume"": 384, ""Protocole"": {""Autre"": {""Nombrein"": 0, ""Volumeout"": 384, ""Nombreout"": 6, ""Volumein"": 0}}, ""id"": 338}"
310;"128.3.112.63";"{""Volume"": 512, ""Protocole"": {""Autre"": {""Nombrein"": 0, ""Volumeout"": 512, ""Nombreout"": 8, ""Volumein"": 0}}, ""id"": 103}"
311;"131.243.88.202";"{""Volume"": 128, ""Protocole"": {""Autre"": {""Nombrein"": 0, ""Volumeout"": 128, ""Nombreout"": 2, ""Volumein"": 0}}, ""id"": 148}"
312;"128.3.210.128";"{""Volume"": 256, ""Protocole"": {""Autre"": {""Nombrein"": 0, ""Volumeout"": 256, ""Nombreout"": 4, ""Volumein"": 0}}, ""id"": 329}"
313;"131.243.92.176";"{""Volume"": 128, ""Protocole"": {""Autre"": {""Nombrein"": 0, ""Volumeout"": 128, ""Nombreout"": 2, ""Volumein"": 0}}, ""id"": 263}"
314;"131.243.144.171";"{""Volume"": 384, ""Protocole"": {""Autre"": {""Nombrein"": 2, ""Volumeout"": 256, ""Nombreout"": 4, ""Volumein"": 128}}, ""id"": 45}"
315;"131.243.144.172";"{""Volume"": 1024, ""Protocole"": {""Autre"": {""Nombrein"": 8, ""Volumeout"": 512, ""Nombreout"": 8, ""Volumein"": 512}}, ""id"": 274}"
316;"206.23.215.103";"{""Volume"": 3072, ""Protocole"": {""HTTP"": {""Nombrein"": 25, ""Volumeout"": 1472, ""Nombreout"": 23, ""Volumein"": 1600}}, ""id"": 113}"
317;"128.3.209.68";"{""Volume"": 1024, ""Protocole"": {""Autre"": {""Nombrein"": 0, ""Volumeout"": 1024, ""Nombreout"": 16, ""Volumein"": 0}}, ""id"": 19}"
318;"131.243.155.33";"{""Volume"": 896, ""Protocole"": {""Autre"": {""Nombrein"": 3, ""Volumeout"": 256, ""Nombreout"": 4, ""Volumein"": 192}, ""IMAPS"": {""Nombrein"": 3, ""Volumeout"": 256, ""Nombreout"": 4, ""Volumein"": 192}}, ""id"": 156}"
319;"131.243.155.35";"{""Volume"": 68544, ""Protocole"": {""Autre"": {""Nombrein"": 2, ""Volumeout"": 192, ""Nombreout"": 3, ""Volumein"": 128}, ""HTTP"": {""Nombrein"": 425, ""Volumeout"": 21952, ""Nombreout"": 343, ""Volumein"": 27200}, ""SMTP"": {""Nombrein"": 41, ""Volumeout"": 2688, ""Nombreout"": 42, ""Volumein"": 2624}, ""IMAPS"": {""Nombrein"": 99, ""Volumeout"": 7424, ""Nombreout"": 116, ""Volumein"": 6336}}, ""id"": 84}"
320;"131.243.155.37";"{""Volume"": 10176, ""Protocole"": {""Autre"": {""Nombrein"": 64, ""Volumeout"": 3840, ""Nombreout"": 60, ""Volumein"": 4096}, ""ICMP"": {""Nombrein"": 5, ""Volumeout"": 320, ""Nombreout"": 5, ""Volumein"": 320}, ""SMB"": {""Nombrein"": 11, ""Volumeout"": 896, ""Nombreout"": 14, ""Volumein"": 704}}, ""id"": 130}"
321;"128.3.209.66";"{""Volume"": 256, ""Protocole"": {""Autre"": {""Nombrein"": 0, ""Volumeout"": 256, ""Nombreout"": 4, ""Volumein"": 0}}, ""id"": 323}"
322;"131.243.234.187";"{""Volume"": 192, ""Protocole"": {""Autre"": {""Nombrein"": 0, ""Volumeout"": 192, ""Nombreout"": 3, ""Volumein"": 0}}, ""id"": 262}"
323;"131.243.89.16";"{""Volume"": 640, ""Protocole"": {""Autre"": {""Nombrein"": 0, ""Volumeout"": 640, ""Nombreout"": 10, ""Volumein"": 0}}, ""id"": 291}"
324;"131.243.155.125";"{""Volume"": 29632, ""Protocole"": {""HTTP"": {""Nombrein"": 45, ""Volumeout"": 3008, ""Nombreout"": 47, ""Volumein"": 2880}, ""Autre"": {""Nombrein"": 10, ""Volumeout"": 1600, ""Nombreout"": 25, ""Volumein"": 640}, ""HTTPS"": {""Nombrein"": 208, ""Volumeout"": 7552, ""Nombreout"": 118, ""Volumein"": 13312}, ""LDAP"": {""Nombrein"": 1, ""Volumeout"": 64, ""Nombreout"": 1, ""Volumein"": 64}, ""ICMP"": {""Nombrein"": 0, ""Volumeout"": 64, ""Nombreout"": 1, ""Volumein"": 0}, ""IMAPS"": {""Nombrein"": 3, ""Volumeout"": 256, ""Nombreout"": 4, ""Volumein"": 192}}, ""id"": 56}"
325;"131.243.142.221";"{""Volume"": 512, ""Protocole"": {""Autre"": {""Nombrein"": 0, ""Volumeout"": 512, ""Nombreout"": 8, ""Volumein"": 0}}, ""id"": 123}"
326;"128.3.147.198";"{""Volume"": 384, ""Protocole"": {""Autre"": {""Nombrein"": 0, ""Volumeout"": 384, ""Nombreout"": 6, ""Volumein"": 0}}, ""id"": 288}"
327;"128.3.7.62";"{""Volume"": 256, ""Protocole"": {""Autre"": {""Nombrein"": 0, ""Volumeout"": 256, ""Nombreout"": 4, ""Volumein"": 0}}, ""id"": 200}"
328;"128.3.7.66";"{""Volume"": 128, ""Protocole"": {""Autre"": {""Nombrein"": 0, ""Volumeout"": 128, ""Nombreout"": 2, ""Volumein"": 0}}, ""id"": 245}"
329;"128.3.7.223";"{""Volume"": 320, ""Protocole"": {""Autre"": {""Nombrein"": 0, ""Volumeout"": 320, ""Nombreout"": 5, ""Volumein"": 0}}, ""id"": 158}"
330;"131.243.62.209";"{""Volume"": 1216, ""Protocole"": {""Autre"": {""Nombrein"": 9, ""Volumeout"": 576, ""Nombreout"": 9, ""Volumein"": 576}, ""ICMP"": {""Nombrein"": 0, ""Volumeout"": 64, ""Nombreout"": 1, ""Volumein"": 0}}, ""id"": 273}"
331;"128.3.208.24";"{""Volume"": 1984, ""Protocole"": {""Autre"": {""Nombrein"": 10, ""Volumeout"": 1344, ""Nombreout"": 21, ""Volumein"": 640}}, ""id"": 144}"
332;"131.243.62.202";"{""Volume"": 512, ""Protocole"": {""Autre"": {""Nombrein"": 0, ""Volumeout"": 512, ""Nombreout"": 8, ""Volumein"": 0}}, ""id"": 275}"
333;"131.243.61.187";"{""Volume"": 11968, ""Protocole"": {""Autre"": {""Nombrein"": 0, ""Volumeout"": 11968, ""Nombreout"": 187, ""Volumein"": 0}}, ""id"": 10}"
334;"128.3.183.201";"{""Volume"": 256, ""Protocole"": {""Autre"": {""Nombrein"": 0, ""Volumeout"": 256, ""Nombreout"": 4, ""Volumein"": 0}}, ""id"": 64}"
335;"128.3.6.248";"{""Volume"": 320, ""Protocole"": {""Autre"": {""Nombrein"": 0, ""Volumeout"": 320, ""Nombreout"": 5, ""Volumein"": 0}}, ""id"": 199}"
336;"128.3.6.162";"{""Volume"": 512, ""Protocole"": {""Autre"": {""Nombrein"": 2, ""Volumeout"": 384, ""Nombreout"": 6, ""Volumein"": 128}}, ""id"": 191}"
337;"131.243.170.99";"{""Volume"": 512, ""Protocole"": {""Autre"": {""Nombrein"": 0, ""Volumeout"": 512, ""Nombreout"": 8, ""Volumein"": 0}}, ""id"": 73}"
338;"131.243.141.210";"{""Volume"": 448, ""Protocole"": {""Autre"": {""Nombrein"": 0, ""Volumeout"": 448, ""Nombreout"": 7, ""Volumein"": 0}}, ""id"": 269}"
339;"128.3.161.62";"{""Volume"": 7232, ""Protocole"": {""Autre"": {""Nombrein"": 55, ""Volumeout"": 3712, ""Nombreout"": 58, ""Volumein"": 3520}}, ""id"": 90}"
340;"128.3.40.55";"{""Volume"": 448, ""Protocole"": {""Autre"": {""Nombrein"": 0, ""Volumeout"": 448, ""Nombreout"": 7, ""Volumein"": 0}}, ""id"": 182}"
341;"131.243.142.67";"{""Volume"": 512, ""Protocole"": {""Autre"": {""Nombrein"": 0, ""Volumeout"": 512, ""Nombreout"": 8, ""Volumein"": 0}}, ""id"": 236}"
342;"131.243.89.80";"{""Volume"": 768, ""Protocole"": {""Autre"": {""Nombrein"": 0, ""Volumeout"": 768, ""Nombreout"": 12, ""Volumein"": 0}}, ""id"": 129}"
343;"131.243.100.120";"{""Volume"": 512, ""Protocole"": {""Autre"": {""Nombrein"": 0, ""Volumeout"": 512, ""Nombreout"": 8, ""Volumein"": 0}}, ""id"": 165}"
